Firstname,Lastname,Age,Email
Brett,Malone,46,muzuva@vem.im
Juan,Moore,35,ta@jup.as
Aiden,Casey,38,vizricca@habonjed.pw
Sam,Griffith,19,cigireb@fuademu.to
Sylvia,Andrews,59,ruero@atjugkaf.mz
Sam,Cooper,53,zoh@abemap.ae
Vernon,Reid,54,celuf@lincac.va
Maggie,Page,22,uhe@humom.aq
Clara,Willis,26,me@wuzak.my
Manuel,Jones,35,pitpawak@uc.it
Jeffrey,Collier,47,ukonu@kibe.hm
Iva,Matthews,61,ferdefciz@ezu.re
Mitchell,Cooper,61,vogtuumi@zi.np
Martha,Jackson,21,magova@deswa.ca
Sophia,Kennedy,47,lu@kerasafir.gr
Dollie,Clark,56,nakmo@rep.lr
Hallie,Gonzales,23,pob@eb.md
Darrell,Gill,40,wu@nu.bj
Herbert,Lopez,36,wi@wubiep.so
Micheal,Fletcher,54,jom@wib.ao
Jason,Hall,52,emuhokut@vat.gd
Jesus,Stevenson,22,ojce@inbe.kh
Lee,Taylor,58,cuwneago@jipi.lt
Jimmy,Buchanan,47,sowemsi@zorwe.tj
Cecilia,Morgan,27,ri@uhpefof.nf
Eleanor,Harper,19,imruog@vupvedjoh.pn
Isaiah,Morgan,42,tiwdeb@guke.hr
Lillian,Cain,65,habeter@tuguaho.ua
Mason,Mendoza,43,ajo@depdozasa.sn
Lillian,Harris,48,zumic@muw.cd
Verna,Reyes,19,luv@tiva.qa
Gene,Brock,39,hi@dofivduf.mz
Isabella,Alvarado,59,niub@ruimvap.vn
Marc,Leonard,64,kopvelu@kiboru.gn
Randall,Dennis,36,pov@higugag.bm
Lois,Cobb,33,ip@esdat.ni
Jayden,Huff,40,fikneab@hu.ie
Kate,Porter,26,lodul@ga.io
Micheal,Ross,24,ze@apason.org
Larry,Garner,65,mowpemer@umi.fj
Peter,Phillips,64,acmal@jemefca.uk
Maud,Garza,36,mu@zudmed.tw
Julian,Foster,31,tovi@wihez.jo
Angel,Lambert,21,nohwuz@rune.nl
John,Shelton,64,jume@moubre.tg
Steven,Marsh,61,zi@zob.ph
Mabel,Ramsey,23,vematuguv@uggirus.ir
Christian,Santos,22,ociboona@hawus.pn
Stanley,Copeland,60,it@lijzam.st
Frances,Sanders,54,zevgeawa@faokeufi.sn
Leo,Burns,26,rafmawpof@osolo.cn
Micheal,Meyer,22,gewi@simaj.lb
Micheal,Cummings,36,lagihbo@pi.hm
Hettie,Holland,29,no@zic.an
Michael,Guerrero,64,utowi@mibar.li
Inez,McGuire,19,sa@vik.cf
Hattie,Hamilton,37,jogpida@bilceut.mx
Josephine,Rivera,25,fupod@dedala.za
Nellie,Salazar,33,wepar@caup.hr
Lester,Wood,61,udijule@saaso.cc
Blake,Harvey,38,paluc@wog.kg
Hannah,Steele,59,jovisloz@ogimkep.sj
Benjamin,Harvey,61,no@ipriz.do
Lucile,Townsend,53,pajo@siha.mz
Jerry,Wise,41,pu@ag.na
Brett,Wise,27,womjuwut@toze.edu
Nathaniel,Roberts,43,odawu@wij.ht
Eleanor,Cox,56,zopep@lugtehje.tj
Etta,Guzman,58,gurufbap@zokko.cn
Cecelia,Banks,35,zab@gervesez.ni
Jessie,Gray,50,bubbad@rouw.vu
Stephen,Cooper,55,bu@nifiz.ca
Emily,Barton,43,ve@periw.pf
Jane,Harrison,26,covega@raiha.ad
Leonard,Nichols,28,belforib@jepudla.je
Elizabeth,Tyler,42,darvi@sewe.cf
Charlie,Castillo,56,nula@mu.gd
Lillie,Yates,62,awajuraz@nepwum.so
Corey,Klein,41,ebetut@acodacik.tp
Estelle,Daniel,48,mavir@iwupu.cu
Mabelle,Campbell,35,jegojeje@wolkomaju.ht
Lillie,Beck,58,onetu@de.su
Sean,Horton,34,ok@tunonihoj.va
Amelia,Gregory,41,uwtuheko@haguvoza.tj
Christopher,Allen,46,iju@luzadug.sz
Eric,McCormick,38,ajma@dajtulfir.ge
Antonio,Harper,38,murnuzaci@weliflu.mh
Lina,Morton,37,zihekuti@ti.bs
Katie,Garner,48,bituzanu@ja.ve
Maria,Jenkins,53,igiku@himom.io
Annie,Walker,42,ut@ba.ls
Ruby,Stokes,60,udme@hocadga.jm
Louisa,Briggs,38,sokdo@naase.mr
Olivia,Hodges,45,fub@oldud.lb
Nell,Bryan,41,udkedze@ikuveuf.co.uk
Jay,Rice,31,fep@hehmuh.sv
Eric,Weaver,39,hirseeva@songiros.cz
Micheal,Ramos,25,kelru@hisepuv.tw
Lillie,Sullivan,44,kispokpi@hodi.kz
Frances,Waters,54,hodi@sod.gl
Edgar,Weaver,37,bitcak@jezpat.pt
Hilda,Gilbert,57,ererin@uruem.ml
Linnie,Schultz,29,ahu@caka.kh
Belle,Oliver,55,gidabo@loniccuz.pl
Edith,Conner,36,lorbev@vidrine.im
Adam,Flowers,42,mem@buediki.md
Leon,Steele,48,roziwug@ro.sk
Cecilia,Sandoval,52,cotar@as.es
Craig,Snyder,61,pobucsi@dewoc.fj
Jeremiah,Bowen,54,abefobsu@mokozji.gr
Isabella,Payne,49,hesrerow@opsivo.bm
Fred,Waters,30,nozodti@gejaweze.lr
Clifford,Reese,38,kiwmozgug@lenig.gs
Stephen,Cole,40,bincu@engos.tn
Bertie,Robertson,60,ewzes@kiporlu.fk
Lester,Barton,26,he@cetouze.eh
Jorge,Lambert,50,kifom@orufafa.pl
Glenn,Keller,28,bewsa@fa.zw
Zachary,Pratt,46,guhezen@ga.ai
Mike,Sutton,64,dip@meage.je
Lida,Franklin,60,atwin@supi.cm
Devin,Fox,34,vipe@zer.hu
Delia,Richards,45,ojepitun@jilobeat.jo
Carolyn,McGuire,28,degjefsos@agnipef.nf
Terry,Hill,23,roguvgo@afzem.cu
Adrian,Ross,47,ek@mendencav.lr
Sadie,Davidson,50,fopohviv@wofhe.zw
Cameron,Burton,40,fagisaim@vufemwis.gl
Herbert,Cole,43,enovo@su.sa
Mitchell,McKinney,64,gubeputil@kohu.ly
Lenora,Thompson,34,kecepim@adrehu.bv
Rosie,Love,41,tobe@si.km
Carolyn,Graves,31,patuuse@apzoz.su
Lucile,Carpenter,42,wooj@am.jp
Richard,Pearson,46,iza@rurwo.pn
Leah,Welch,33,uw@ozfamho.tl
Allie,Rios,26,ehmeb@wa.ar
Madge,Hart,42,susozava@civ.org
Beulah,Stokes,35,mu@wer.yt
Jean,Obrien,64,oskil@gavitzu.vu
Bobby,Fleming,44,awnob@mokwag.to
Pauline,Gordon,45,tagmej@kijnobe.ee
Ray,Kim,37,hus@jeeme.cd
Todd,Moody,30,mujujwi@voru.pr
Rose,Hawkins,18,inujofmu@deku.gf
Viola,Houston,28,dinivde@ujalocgo.ee
Jim,Blake,45,timbed@carbur.ee
Lina,Casey,30,po@lubuw.hm
Dominic,Massey,47,zojno@kebo.ir
Mittie,Stanley,59,zulojomiz@lumjin.cu
Melvin,Green,19,baeneep@wokikud.mz
Trevor,Schneider,45,bogik@edvof.cg
Sam,Carson,31,webuj@novho.ie
Bruce,Strickland,24,toc@ata.tp
Clayton,Mann,18,uzuseve@ofeiruan.cg
Nell,Bailey,50,ceji@mu.ye
Terry,Lloyd,29,nin@taphud.uz
Ethan,McKenzie,64,dik@hila.jp
Helen,Sanchez,58,ograr@cul.sg
Jackson,Collins,33,vaenpej@we.mx
Charlie,Morris,48,gonbi@munwoh.dm
Roger,Robinson,42,cebum@baja.sd
Ada,Garner,22,gipco@jos.gd
Blake,Rodriquez,46,veh@citmite.pe
Kyle,Saunders,25,naagci@wibgesdaj.gb
Todd,Abbott,23,gicunlo@emeekpi.bn
Lenora,Hughes,62,ji@eca.gs
Mittie,Mullins,54,ehmo@jimvuje.mw
Katharine,Figueroa,57,lapanu@tegjav.za
Jimmy,Medina,30,rivcuz@pufi.sx
Viola,Stewart,51,daik@resisicef.pa
Rebecca,Dixon,28,ruuwifi@nacpevsen.ba
Christopher,Brock,39,lud@jije.cf
Seth,Nguyen,59,dilum@japivvu.ai
Lizzie,Miles,46,wijomti@sog.ua
Rodney,Wheeler,18,busage@daza.mn
Rose,Hughes,24,epzizlov@morpinto.es
Estella,Perry,59,sucmelwi@biv.lt
Roger,Wise,27,azuiwil@kazo.de
Kathryn,Shaw,18,ajuzev@zafnef.eg
Cynthia,Porter,51,sil@ono.gov
Warren,McLaughlin,65,zozwo@ic.ne
Frederick,Malone,65,tehiven@lerosa.et
Vincent,Myers,21,nubjunenu@so.cw
Olga,Baker,23,luku@cuwod.ng
Willie,Jackson,35,laafo@epefizeg.my
Laura,Powell,61,hunobba@amki.gov
Francis,Thompson,62,dov@selki.gn
Millie,Klein,22,fovas@poimu.tl
Katie,Moreno,45,kad@guge.su
Myrtie,Woods,40,erseb@ak.us
Fred,Neal,45,ciro@cunas.km
Mayme,Allen,63,forritov@vik.zm
Max,Hudson,59,muunfod@jibnag.tj
Chase,Santos,63,ruz@da.gb
Eliza,Walker,60,ezo@foban.tv
Craig,Sullivan,62,lobezip@ur.cc
Steve,Russell,39,efpiuri@ketzamip.ls
Nicholas,Allen,18,geew@ked.sd
Jesse,Coleman,56,foftog@pomenar.az
